Model,RMSE,MAE,MSE,Mean Divergence,Max Divergence,Cosine Divergence,Smoothness,Runtime
Kalman,0.1814044713973999,0.1381782442331314,0.03290758281946182,,,,,0.011435747146606445
HMM,0.21617725491523743,0.1697281450033188,0.04673260822892189,,,,,0.0005047321319580078
LSTM,0.2907928228378296,0.22092783451080322,0.08456046879291534,,,,,0.07022953033447266
VSSM (Ours),0.265371710062027,0.20407715439796448,0.07042215019464493,0.047479767352342606,0.17440104484558105,0.03185485303401947,0.003526326036080718,0.6586465835571289
